;advanced.name;65
api.proxyscrape.com;1342
free-proxy-list.com;100
free-proxy-list.net;1200
freeproxy.world;550
github-RX4096;314
github-ShiftyTR;1218
github-TheSpeedX;5638
github-Volodichev;24373
github-almroot;6
github-clarketm;400
github-hendrikbgr;112
github-hookzof;144
github-jetkai;2835
github-manuGMG;380
github-mertguvencli;206
github-mmpx12;3698
github-monosans;1015
github-roosterkid;1995
github-ryanhaticus;10
github-sunny9577;829
hidemy.name;640
list.proxylistplus.com;298
netzwelt.de;60
openproxy.space;0
premiumproxy.net;524
premproxy.com;32
proxy-daily.com;1153
proxy-list.download;2096
proxy-list.org;140
proxydb.net;60
proxydocker.com;20
proxynova.com;35
proxyrack.com;20
proxyscan.io;1222
proxyservers.pro;20
us-proxy.org;400
All: 53188, Without Duplicates: 33180